DATE,MAX_TEMPERATURE_C
01012009,20
02012009,17
03012009,17
04012009,18
05012009,18
06012009,16
07012009,14
08012009,13
09012009,15
10012009,12
11012009,12
12012009,15
13012009,17
14012009,18
15012009,18
16012009,16
17012009,16
18012009,17
19012009,16
20012009,15
21012009,13
22012009,17
23012009,20
24012009,19
25012009,16
26012009,15
27012009,17
28012009,19
29012009,23
30012009,23
31012009,16
01022009,17
02022009,16
03022009,16
04022009,18
05022009,15
06022009,14
07022009,13
08022009,18
09022009,21
10022009,19
11022009,19
12022009,21
13022009,23
14022009,22
15022009,22
16022009,21
17022009,21
18022009,19
19022009,21
20022009,21
21022009,20
22022009,21
23022009,26
24022009,22
25022009,23
26022009,20
27022009,20
28022009,19
01032009,18
02032009,17
03032009,16
04032009,14
05032009,16
06032009,18
07032009,20
08032009,21
09032009,24
10032009,25
11032009,24
12032009,26
13032009,29
14032009,26
15032009,26
16032009,28
17032009,31
18032009,28
19032009,25
20032009,22
21032009,23
22032009,23
23032009,26
24032009,24
25032009,21
26032009,23
27032009,22
28032009,17
29032009,15
30032009,16
31032009,18
01042009,17
02042009,18
03042009,20
04042009,22
05042009,26
06042009,26
07042009,18
08042009,21
09042009,21
10042009,18
11042009,19
12042009,18
13042009,20
14042009,20
15042009,18
16042009,19
17042009,21
18042009,22
19042009,19
20042009,20
21042009,22
22042009,25
23042009,28
24042009,27
25042009,19
26042009,17
27042009,19
28042009,20
29042009,21
30042009,21
01052009,22
02052009,29
03052009,26
04052009,23
05052009,27
06052009,29
07052009,31
08052009,29
09052009,29
10052009,25
11052009,24
12052009,22
13052009,21
14052009,22
15052009,21
16052009,24
17052009,23
18052009,22
19052009,24
20052009,25
21052009,24
22052009,24
23052009,22
24052009,22
25052009,22
26052009,23
27052009,30
28052009,34
29052009,29
30052009,25
31052009,28
01062009,28
02062009,28
03062009,25
04062009,24
05062009,25
06062009,24
07062009,24
08062009,24
09062009,24
10062009,26
11062009,30
12062009,36
13062009,34
14062009,31
15062009,31
16062009,29
17062009,31
18062009,33
19062009,32
20062009,34
21062009,32
22062009,29
23062009,28
24062009,27
25062009,26
26062009,27
27062009,28
28062009,28
29062009,29
30062009,28
01072009,29
02072009,30
03072009,30
04072009,30
05072009,29
06072009,27
07072009,27
08072009,27
09072009,28
10072009,30
11072009,29
12072009,30
13072009,29
14072009,27
15072009,28
16072009,29
17072009,28
18072009,31
19072009,34
20072009,43
21072009,38
22072009,31
23072009,30
24072009,30
25072009,34
26072009,34
27072009,33
28072009,34
29072009,32
30072009,34
31072009,35
01082009,32
02082009,29
03082009,30
04082009,32
05082009,31
06082009,29
07082009,31
08082009,29
09082009,28
10082009,29
11082009,31
12082009,32
13082009,33
14082009,34
15082009,33
16082009,33
17082009,32
18082009,31
19082009,32
20082009,32
21082009,33
22082009,34
23082009,34
24082009,30
25082009,29
26082009,27
27082009,30
28082009,32
29082009,33
30082009,33
31082009,31
01092009,29
02092009,27
03092009,29
04092009,31
05092009,31
06092009,32
07092009,33
08092009,31
09092009,30
10092009,27
11092009,30
12092009,27
13092009,27
14092009,25
15092009,25
16092009,25
17092009,24
18092009,25
19092009,25
20092009,24
21092009,27
22092009,29
23092009,29
24092009,30
25092009,30
26092009,26
27092009,26
28092009,26
29092009,26
30092009,26
01102009,27
02102009,28
03102009,29
04102009,32
05102009,31
06102009,31
07102009,30
08102009,28
09102009,25
10102009,27
11102009,30
12102009,31
13102009,33
14102009,31
15102009,30
16102009,30
17102009,30
18102009,28
19102009,27
20102009,25
21102009,24
22102009,24
23102009,26
24102009,29
25102009,31
26102009,32
27102009,32
28102009,30
29102009,29
30102009,28
31102009,29
01112009,28
02112009,26
03112009,24
04112009,24
05112009,21
06112009,22
07112009,23
08112009,21
09112009,21
10112009,24
11112009,25
12112009,28
13112009,31
14112009,28
15112009,30
16112009,32
17112009,27
18112009,22
19112009,23
20112009,25
21112009,28
22112009,23
23112009,22
24112009,27
25112009,27
26112009,24
27112009,23
28112009,22
29112009,22
30112009,17
01122009,18
02122009,20
03122009,19
04122009,20
05122009,20
06122009,21
07122009,23
08122009,21
09122009,24
10122009,24
11122009,25
12122009,24
13122009,21
14122009,17
15122009,19
16122009,20
17122009,23
18122009,21
19122009,19
20122009,19
21122009,18
22122009,19
23122009,20
24122009,20
25122009,20
26122009,19
27122009,23
28122009,24
29122009,25
30122009,21
31122009,18
01012010,19
02012010,24
03012010,23
04012010,18
05012010,17
06012010,17
07012010,16
08012010,11
09012010,15
10012010,16
11012010,18
12012010,20
13012010,19
14012010,19
15012010,22
16012010,26
17012010,26
18012010,24
19012010,21
20012010,20
21012010,20
22012010,22
23012010,18
24012010,16
25012010,18
26012010,15
27012010,17
28012010,16
29012010,18
30012010,17
31012010,17
01022010,18
02022010,24
03022010,25
04022010,18
05022010,21
06022010,22
07022010,25
08022010,20
09022010,17
10022010,19
11022010,19
12022010,22
13022010,18
14022010,21
15022010,18
16022010,15
17022010,18
18022010,21
19022010,17
20022010,20
21022010,17
22022010,20
23022010,21
24022010,22
25022010,23
26022010,27
27022010,30
28022010,20
01032010,21
02032010,19
03032010,18
04032010,21
05032010,23
06032010,18
07032010,19
08032010,20
09032010,18
10032010,17
11032010,17
12032010,16
13032010,17
14032010,17
15032010,20
16032010,21
17032010,29
18032010,28
19032010,30
20032010,24
21032010,25
22032010,24
23032010,26
24032010,22
25032010,20
26032010,20
27032010,21
28032010,25
29032010,22
30032010,20
31032010,18
01042010,18
02042010,19
03042010,20
04042010,20
05042010,26
06042010,23
07042010,22
08042010,25
09042010,26
10042010,28
11042010,25
12042010,22
13042010,23
14042010,25
15042010,24
16042010,22
17042010,21
18042010,21
19042010,24
20042010,27
21042010,24
22042010,22
23042010,22
24042010,22
25042010,24
26042010,29
27042010,36
28042010,33
29042010,27
30042010,25
01052010,24
02052010,24
03052010,20
04052010,21
05052010,22
06052010,20
07052010,20
08052010,23
09052010,23
10052010,22
11052010,21
12052010,20
13052010,19
14052010,18
15052010,21
16052010,23
17052010,26
18052010,29
19052010,31
20052010,34
21052010,30
22052010,27
23052010,26
24052010,25
25052010,24
26052010,24
27052010,21
28052010,22
29052010,24
30052010,27
31052010,33
01062010,34
02062010,31
03062010,29
04062010,28
05062010,28
06062010,25
07062010,26
08062010,25
09062010,26
10062010,23
11062010,22
12062010,24
13062010,22
14062010,25
15062010,26
16062010,26
17062010,26
18062010,25
19062010,23
20062010,24
21062010,24
22062010,26
23062010,28
24062010,26
25062010,25
26062010,25
27062010,26
28062010,28
29062010,29
30062010,30
01072010,30
02072010,29
03072010,29
04072010,30
05072010,30
06072010,31
07072010,29
08072010,29
09072010,31
10072010,33
11072010,34
12072010,31
13072010,30
14072010,27
15072010,28
16072010,28
17072010,31
18072010,33
19072010,32
20072010,30
21072010,28
22072010,28
23072010,28
24072010,31
25072010,34
26072010,32
27072010,30
28072010,31
29072010,32
30072010,33
31072010,31
01082010,30
02082010,31
03082010,31
04082010,31
05082010,30
06082010,30
07082010,31
08082010,33
09082010,37
10082010,36
11082010,36
12082010,33
13082010,28
14082010,29
15082010,29
16082010,28
17082010,28
18082010,27
19082010,29
20082010,31
21082010,33
22082010,32
23082010,29
24082010,31
25082010,37
26082010,40
27082010,34
28082010,33
29082010,32
30082010,35
31082010,32
01092010,29
02092010,27
03092010,30
04092010,32
05092010,32
06092010,29
07092010,27
08092010,27
09092010,28
10092010,33
11092010,31
12092010,30
13092010,32
14092010,31
15092010,30
16092010,32
17092010,26
18092010,26
19092010,27
20092010,25
21092010,28
22092010,29
23092010,27
24092010,29
25092010,27
26092010,23
27092010,24
28092010,25
29092010,26
30092010,28
01102010,29
02102010,29
03102010,26
04102010,23
05102010,23
06102010,24
07102010,25
08102010,29
09102010,23
10102010,23
11102010,21
12102010,22
13102010,23
14102010,23
15102010,24
16102010,23
17102010,24
18102010,25
19102010,23
20102010,24
21102010,26
22102010,26
23102010,23
24102010,24
25102010,25
26102010,25
27102010,27
28102010,28
29102010,28
30102010,24
31102010,21
01112010,20
02112010,21
03112010,23
04112010,28
05112010,27
06112010,26
07112010,23
08112010,21
09112010,21
10112010,19
11112010,20
12112010,21
13112010,21
14112010,21
15112010,18
16112010,19
17112010,20
18112010,19
19112010,19
20112010,21
21112010,21
22112010,19
23112010,22
24112010,23
25112010,22
26112010,24
27112010,20
28112010,18
29112010,18
30112010,17
01122010,17
02122010,17
03122010,15
04122010,24
05122010,23
06122010,23
07122010,24
08122010,24
09122010,26
10122010,26
11122010,26
12122010,20
13122010,22
14122010,21
15122010,21
16122010,20
17122010,24
18122010,25
19122010,19
20122010,22
21122010,20
22122010,18
23122010,16
24122010,16
25122010,17
26122010,19
27122010,19
28122010,22
29122010,24
30122010,19
31122010,19
01012011,19
02012011,19
03012011,19
04012011,22
05012011,21
06012011,22
07012011,21
08012011,22
09012011,18
10012011,18
11012011,19
12012011,19
13012011,23
14012011,20
15012011,21
16012011,22
17012011,20
18012011,21
19012011,20
20012011,20
21012011,24
22012011,20
23012011,18
24012011,19
25012011,19
26012011,20
27012011,16
28012011,17
29012011,17
30012011,16
31012011,16
01022011,16
02022011,15
03022011,16
04022011,17
05022011,21
06022011,21
07022011,21
08022011,19
09022011,21
10022011,20
11022011,22
12022011,19
13022011,19
14022011,18
15022011,20
16022011,18
17022011,16
18022011,18
19022011,19
20022011,18
21022011,18
22022011,19
23022011,19
24022011,20
25022011,21
26022011,22
27022011,21
28022011,18
01032011,17
02032011,15
03032011,16
04032011,16
05032011,17
06032011,19
07032011,21
08032011,18
09032011,19
10032011,21
11032011,20
12032011,20
13032011,20
14032011,16
15032011,14
16032011,14
17032011,18
18032011,20
19032011,25
20032011,26
21032011,26
22032011,23
23032011,23
24032011,22
25032011,21
26032011,21
27032011,19
28032011,20
29032011,20
30032011,22
31032011,27
01042011,33
02042011,28
03042011,18
04042011,19
05042011,26
06042011,22
07042011,26
08042011,33
09042011,24
10042011,24
11042011,24
12042011,26
13042011,32
14042011,29
15042011,27
16042011,23
17042011,24
18042011,26
19042011,24
20042011,24
21042011,21
22042011,19
23042011,20
24042011,19
25042011,21
26042011,24
27042011,24
28042011,23
29042011,19
30042011,21
01052011,17
02052011,17
03052011,20
04052011,21
05052011,23
06052011,23
07052011,21
08052011,23
09052011,26
10052011,30
11052011,30
12052011,30
13052011,30
14052011,31
15052011,32
16052011,30
17052011,29
18052011,25
19052011,24
20052011,23
21052011,26
22052011,28
23052011,31
24052011,31
25052011,31
26052011,23
27052011,31
28052011,25
29052011,26
30052011,24
31052011,24
01062011,26
02062011,28
03062011,26
04062011,26
05062011,24
06062011,24
07062011,22
08062011,24
09062011,23
10062011,24
11062011,26
12062011,28
13062011,27
14062011,29
15062011,29
16062011,29
17062011,26
18062011,28
19062011,30
20062011,32
21062011,33
22062011,31
23062011,29
24062011,31
25062011,38
26062011,36
27062011,33
28062011,31
29062011,31
30062011,32
01072011,36
02072011,37
03072011,24
04072011,25
05072011,29
06072011,29
07072011,28
08072011,27
09072011,28
10072011,28
11072011,28
12072011,27
13072011,28
14072011,29
15072011,30
16072011,30
17072011,28
18072011,24
19072011,26
20072011,28
21072011,29
22072011,27
23072011,27
24072011,27
25072011,29
26072011,32
27072011,30
28072011,32
29072011,33
30072011,30
31072011,31
01082011,29
02082011,26
03082011,28
04082011,29
05082011,30
06082011,29
07082011,30
08082011,31
09082011,33
10082011,34
11082011,32
12082011,30
13082011,30
14082011,31
15082011,32
16082011,30
17082011,29
18082011,30
19082011,30
20082011,31
21082011,29
22082011,28
23082011,26
24082011,28
25082011,30
26082011,26
27082011,29
28082011,30
29082011,29
30082011,28
31082011,29
01092011,29
02092011,26
03092011,26
04092011,26
05092011,28
06092011,32
07092011,34
08092011,35
09092011,34
10092011,28
11092011,27
12092011,28
13092011,30
14092011,29
15092011,28
16092011,28
17092011,28
18092011,27
19092011,28
20092011,29
21092011,28
22092011,27
23092011,25
24092011,26
25092011,26
26092011,27
27092011,27
28092011,29
29092011,31
30092011,30
01102011,29
02102011,30
03102011,29
04102011,30
05102011,31
06102011,30
07102011,31
08102011,29
09102011,30
10102011,32
11102011,30
12102011,30
13102011,30
14102011,30
15102011,31
16102011,30
17102011,30
18102011,29
19102011,29
20102011,28
21102011,27
22102011,26
23102011,25
24102011,24
25102011,23
26102011,25
27102011,23
28102011,22
29102011,22
30102011,24
31102011,27
01112011,25
02112011,26
03112011,23
04112011,20
05112011,18
06112011,20
07112011,20
08112011,21
09112011,24
10112011,27
11112011,27
12112011,30
13112011,30
14112011,23
15112011,21
16112011,20
17112011,21
18112011,23
19112011,19
20112011,18
21112011,18
22112011,17
23112011,17
24112011,21
25112011,20
26112011,20
27112011,21
28112011,22
29112011,23
30112011,24
01122011,24
02122011,21
03122011,17
04122011,17
05122011,19
06122011,19
07122011,21
08122011,22
09122011,21
10122011,20
11122011,19
12122011,18
13122011,21
14122011,21
15122011,19
16122011,20
17122011,18
18122011,17
19122011,16
20122011,18
21122011,20
22122011,21
23122011,21
24122011,21
25122011,22
26122011,23
27122011,21
28122011,19
29122011,17
30122011,19
31122011,19
01012012,20
02012012,18
03012012,19
04012012,20
05012012,22
06012012,22
07012012,21
08012012,21
09012012,20
10012012,21
11012012,21
12012012,21
13012012,22
14012012,20
15012012,21
16012012,17
17012012,16
18012012,17
19012012,17
20012012,17
21012012,19
22012012,19
23012012,18
24012012,20
25012012,20
26012012,17
27012012,16
28012012,17
29012012,17
30012012,17
31012012,22
01022012,22
02022012,16
03022012,13
04022012,10
05022012,12
06022012,17
07022012,18
08022012,17
09022012,13
10022012,15
11022012,17
12022012,16
13022012,14
14022012,15
15022012,16
16022012,19
17022012,20
18022012,18
19022012,17
20022012,18
21022012,17
22022012,17
23022012,18
24022012,20
25022012,20
26022012,20
27022012,20
28022012,21
29022012,19
01032012,18
02032012,18
03032012,18
04032012,19
05032012,20
06032012,20
07032012,18
08032012,20
09032012,21
10032012,23
11032012,20
12032012,22
13032012,24
14032012,25
15032012,22
16032012,22
17032012,23
18032012,19
19032012,19
20032012,18
21032012,18
22032012,24
23032012,29
24032012,26
25032012,25
26032012,26
27032012,28
28032012,28
29032012,23
30032012,21
31032012,20
01042012,19
02042012,20
03042012,20
04042012,18
05042012,18
06042012,17
07042012,20
08042012,23
09042012,25
10042012,20
11042012,21
12042012,18
13042012,17
14042012,19
15042012,17
16042012,17
17042012,20
18042012,21
19042012,19
20042012,20
21042012,20
22042012,21
23042012,20
24042012,21
25042012,21
26042012,21
27042012,23
28042012,18
29042012,18
30042012,19
01052012,21
02052012,22
03052012,22
04052012,22
05052012,23
06052012,21
07052012,23
08052012,26
09052012,30
10052012,32
11052012,31
12052012,31
13052012,31
14052012,30
15052012,34
16052012,33
17052012,32
18052012,25
19052012,22
20052012,20
21052012,21
22052012,24
23052012,28
24052012,29
25052012,25
26052012,22
27052012,24
28052012,25
29052012,26
30052012,26
31052012,28
01062012,26
02062012,24
03062012,25
04062012,26
05062012,27
06062012,28
07062012,25
08062012,23
09062012,24
10062012,26
11062012,27
12062012,23
13062012,25
14062012,25
15062012,25
16062012,26
17062012,26
18062012,27
19062012,25
20062012,26
21062012,26
22062012,26
23062012,29
24062012,32
25062012,33
26062012,37
27062012,34
28062012,31
29062012,27
30062012,23
01072012,26
02072012,29
03072012,30
04072012,29
05072012,27
06072012,28
07072012,28
08072012,28
09072012,27
10072012,26
11072012,27
12072012,29
13072012,29
14072012,28
15072012,29
16072012,34
17072012,37
18072012,34
19072012,31
20072012,32
21072012,32
22072012,32
23072012,30
24072012,28
25072012,26
26072012,26
27072012,26
28072012,27
29072012,28
30072012,31
31072012,31
01082012,30
02082012,30
03082012,32
04082012,31
05082012,27
06082012,27
07082012,30
08082012,30
09082012,32
10082012,37
11082012,33
12082012,31
13082012,29
14082012,28
15082012,28
16082012,29
17082012,30
18082012,31
19082012,31
20082012,36
21082012,37
22082012,33
23082012,30
24082012,29
25082012,28
26082012,30
27082012,29
28082012,29
29082012,29
30082012,28
31082012,30
01092012,32
02092012,33
03092012,31
04092012,31
05092012,30
06092012,29
07092012,28
08092012,29
09092012,27
10092012,27
11092012,27
12092012,29
13092012,31
14092012,31
15092012,32
16092012,31
17092012,30
18092012,29
19092012,28
20092012,29
21092012,28
22092012,32
23092012,31
24092012,28
25092012,28
26092012,29
27092012,24
28092012,24
29092012,24
30092012,27
01102012,27
02102012,28
03102012,28
04102012,28
05102012,28
06102012,28
07102012,30
08102012,30
09102012,31
10102012,29
11102012,27
12102012,25
13102012,24
14102012,25
15102012,23
16102012,26
17102012,27
18102012,27
19102012,22
20102012,23
21102012,24
22102012,30
23102012,32
24102012,27
25102012,25
26102012,24
27102012,23
28102012,23
29102012,22
30102012,22
31102012,24
01112012,24
02112012,25
03112012,26
04112012,28
05112012,26
06112012,24
07112012,23
08112012,22
09112012,22
10112012,20
11112012,20
12112012,20
13112012,22
14112012,24
15112012,27
16112012,25
17112012,21
18112012,19
19112012,20
20112012,21
21112012,23
22112012,21
23112012,25
24112012,24
25112012,25
26112012,23
27112012,17
28112012,16
29112012,16
30112012,15
01122012,15
02122012,16
03122012,17
04122012,19
05122012,19
06122012,19
07122012,17
08122012,21
09122012,20
10122012,22
11122012,21
12122012,19
13122012,19
14122012,20
15122012,22
16122012,22
17122012,21
18122012,23
19122012,23
20122012,24
21122012,22
22122012,24
23122012,26
24122012,26
25122012,18
26122012,17
27122012,18
28122012,23
29122012,20
30122012,19
31122012,18
01012013,17
02012013,18
03012013,18
04012013,21
05012013,22
06012013,21
07012013,19
08012013,19
09012013,19
10012013,20
11012013,21
12012013,19
13012013,18
14012013,18
15012013,18
16012013,18
17012013,18
18012013,22
19012013,18
20012013,16
21012013,16
22012013,16
23012013,18
24012013,18
25012013,16
26012013,20
27012013,19
28012013,19
29012013,24
30012013,25
31012013,24
01022013,23
02022013,20
03022013,16
04022013,19
05022013,21
06022013,18
07022013,16
08022013,16
09022013,16
10022013,18
11022013,15
12022013,13
13022013,17
14022013,20
15022013,23
16022013,21
17022013,21
18022013,21
19022013,15
20022013,18
21022013,20
22022013,21
23022013,17
24022013,16
25022013,17
26022013,17
27022013,19
28022013,14
01032013,17
02032013,19
03032013,21
04032013,20
05032013,19
06032013,18
07032013,22
08032013,21
09032013,20
10032013,19
11032013,18
12032013,19
13032013,16
14032013,16
15032013,20
16032013,25
17032013,23
18032013,21
19032013,21
20032013,18
21032013,25
22032013,21
23032013,15
24032013,17
25032013,19
26032013,22
27032013,20
28032013,19
29032013,23
30032013,24
31032013,21
01042013,18
02042013,22
03042013,19
04042013,19
05042013,17
06042013,17
07042013,19
08042013,20
09042013,20
10042013,22
11042013,22
12042013,21
13042013,22
14042013,23
15042013,23
16042013,26
17042013,28
18042013,28
19042013,26
20042013,29
21042013,26
22042013,24
23042013,23
24042013,25
25042013,22
26042013,24
27042013,22
28042013,17
29042013,18
30042013,19
01052013,20
02052013,20
03052013,22
04052013,23
05052013,24
06052013,26
07052013,29
08052013,28
09052013,28
10052013,27
11052013,24
12052013,25
13052013,27
14052013,24
15052013,20
16052013,19
17052013,21
18052013,20
19052013,20
20052013,22
21052013,20
22052013,22
23052013,24
24052013,23
25052013,23
26052013,22
27052013,20
28052013,20
29052013,20
30052013,21
31052013,23
01062013,26
02062013,28
03062013,28
04062013,26
05062013,23
06062013,22
07062013,23
08062013,22
09062013,22
10062013,23
11062013,24
12062013,26
13062013,27
14062013,27
15062013,28
16062013,27
17062013,23
18062013,22
19062013,23
20062013,24
21062013,26
22062013,29
23062013,31
24062013,34
25062013,33
26062013,34
27062013,32
28062013,29
29062013,33
30062013,33
01072013,30
02072013,27
03072013,29
04072013,32
05072013,33
06072013,33
07072013,36
08072013,36
09072013,35
10072013,33
11072013,31
12072013,28
13072013,29
14072013,28
15072013,28
16072013,29
17072013,29
18072013,29
19072013,27
20072013,26
21072013,26
22072013,28
23072013,28
24072013,29
25072013,29
26072013,28
27072013,26
28072013,27
29072013,28
30072013,33
31072013,35
01082013,32
02082013,27
03082013,29
04082013,31
05082013,30
06082013,30
07082013,29
08082013,29
09082013,33
10082013,36
11082013,37
12082013,37
13082013,34
14082013,33
15082013,32
16082013,33
17082013,32
18082013,33
19082013,36
20082013,36
21082013,34
22082013,32
23082013,35
24082013,31
25082013,31
26082013,30
27082013,29
28082013,28
29082013,29
30082013,30
31082013,32
01092013,33
02092013,32
03092013,36
04092013,34
05092013,30
06092013,28
07092013,28
08092013,26
09092013,30
10092013,31
11092013,31
12092013,29
13092013,28
14092013,29
15092013,29
16092013,30
17092013,29
18092013,27
19092013,29
20092013,30
21092013,35
22092013,36
23092013,28
24092013,29
25092013,28
26092013,30
27092013,31
28092013,26
29092013,28
30092013,30
01102013,31
02102013,30
03102013,30
04102013,27
05102013,27
06102013,29
07102013,29
08102013,30
09102013,31
10102013,32
11102013,29
12102013,27
13102013,26
14102013,27
15102013,27
16102013,28
17102013,31
18102013,29
19102013,29
20102013,26
21102013,31
22102013,28
23102013,29
24102013,30
25102013,28
26102013,24
27102013,27
28102013,30
29102013,24
30102013,22
31102013,24
01112013,25
02112013,30
03112013,29
04112013,26
05112013,24
06112013,25
07112013,24
08112013,23
09112013,22
10112013,23
11112013,26
12112013,29
13112013,27
14112013,24
15112013,24
16112013,19
17112013,18
18112013,19
19112013,21
20112013,23
21112013,22
22112013,19
23112013,22
24112013,19
25112013,20
26112013,22
27112013,23
28112013,21
29112013,20
30112013,21
01122013,20
02122013,22
03122013,24
04122013,22
05122013,24
06122013,26
07122013,23
08122013,23
09122013,24
10122013,23
11122013,24
12122013,23
13122013,20
14122013,19
15122013,24
16122013,23
17122013,21
18122013,22
19122013,21
20122013,16
21122013,17
22122013,20
23122013,21
24122013,22
25122013,18
26122013,21
27122013,24
28122013,17
29122013,16
30122013,19
31122013,19
01012014,22
02012014,21
03012014,24
04012014,21
05012014,21
06012014,24
07012014,25
08012014,27
09012014,26
10012014,24
11012014,20
12012014,22
13012014,20
14012014,19
15012014,22
16012014,18
17012014,19
18012014,15
19012014,15
20012014,18
21012014,18
22012014,17
23012014,15
24012014,18
25012014,19
26012014,20
27012014,21
28012014,19
29012014,15
30012014,13
31012014,13
01022014,19
02022014,18
03022014,19
04022014,20
05022014,21
06022014,22
07022014,20
08022014,20
09022014,23
10022014,16
11022014,18
12022014,21
13022014,23
14022014,25
15022014,21
16022014,16
17022014,17
18022014,17
19022014,18
20022014,20
21022014,20
22022014,19
23022014,24
24022014,18
25022014,18
26022014,19
27022014,18
28022014,20
01032014,20
02032014,20
03032014,19
04032014,18
05032014,19
06032014,22
07032014,27
08032014,29
09032014,23
10032014,24
11032014,20
12032014,18
13032014,19
14032014,19
15032014,21
16032014,24
17032014,26
18032014,24
19032014,24
20032014,19
21032014,20
22032014,21
23032014,19
24032014,20
25032014,20
26032014,20
27032014,21
28032014,15
29032014,16
30032014,18
31032014,24
01042014,26
02042014,16
03042014,16
04042014,20
05042014,23
06042014,26
07042014,32
08042014,35
09042014,32
10042014,31
11042014,29
12042014,25
13042014,27
14042014,28
15042014,25
16042014,23
17042014,25
18042014,24
19042014,23
20042014,25
21042014,22
22042014,23
23042014,23
24042014,23
25042014,22
26042014,24
27042014,25
28042014,26
29042014,25
30042014,27
01052014,27
02052014,28
03052014,29
04052014,30
05052014,30
06052014,28
07052014,27
08052014,27
09052014,28
10052014,28
11052014,29
12052014,32
13052014,32
14052014,37
15052014,32
16052014,29
17052014,26
18052014,27
19052014,27
20052014,24
21052014,22
22052014,24
23052014,23
24052014,23
25052014,23
26052014,23
27052014,23
28052014,26
29052014,26
30052014,26
31052014,26
01062014,26
02062014,28
03062014,28
04062014,27
05062014,30
06062014,25
07062014,26
08062014,26
09062014,26
10062014,25
11062014,28
12062014,33
13062014,36
14062014,35
15062014,31
16062014,29
17062014,28
18062014,26
19062014,26
20062014,26
21062014,27
22062014,27
23062014,29
24062014,25
25062014,28
26062014,27
27062014,28
28062014,29
29062014,28
30062014,30
01072014,28
02072014,25
03072014,27
04072014,25
05072014,25
06072014,26
07072014,27
08072014,29
09072014,31
10072014,33
11072014,32
12072014,31
13072014,31
14072014,31
15072014,32
16072014,34
17072014,32
18072014,30
19072014,29
20072014,28
21072014,31
22072014,32
23072014,30
24072014,29
25072014,28
26072014,28
27072014,28
28072014,29
29072014,30
30072014,30
31072014,29
01082014,29
02082014,28
03082014,29
04082014,28
05082014,31
06082014,31
07082014,31
08082014,31
09082014,30
10082014,30
11082014,30
12082014,30
13082014,30
14082014,30
15082014,32
16082014,31
17082014,34
18082014,32
19082014,30
20082014,31
21082014,31
22082014,28
23082014,30
24082014,30
25082014,32
26082014,32
27082014,35
28082014,34
29082014,31
30082014,30
31082014,30
01092014,31
02092014,30
03092014,30
04092014,30
05092014,32
06092014,32
07092014,31
08092014,31
09092014,30
10092014,32
11092014,32
12092014,32
13092014,31
14092014,31
15092014,33
16092014,31
17092014,30
18092014,28
19092014,30
20092014,30
21092014,30
22092014,27
23092014,29
24092014,29
25092014,28
26092014,27
27092014,28
28092014,28
29092014,27
30092014,29
01102014,31
02102014,34
03102014,32
04102014,30
05102014,29
06102014,24
07102014,28
08102014,29
09102014,30
10102014,30
11102014,30
12102014,24
13102014,27
14102014,25
15102014,28
16102014,29
17102014,31
18102014,31
19102014,34
20102014,34
21102014,34
22102014,33
23102014,35
24102014,32
25102014,29
26102014,31
27102014,31
28102014,33
29102014,28
30102014,32
31102014,31
01112014,31
02112014,26
03112014,25
04112014,23
05112014,20
06112014,25
07112014,24
08112014,24
09112014,21
10112014,23
11112014,23
12112014,24
13112014,26
14112014,23
15112014,22
16112014,20
17112014,21
18112014,26
19112014,30
20112014,28
21112014,26
22112014,26
23112014,24
24112014,23
25112014,23
26112014,24
27112014,20
28112014,18
29112014,19
30112014,16
01122014,22
02122014,20
03122014,19
04122014,19
05122014,20
06122014,18
07122014,18
08122014,19
09122014,21
10122014,20
11122014,21
12122014,22
13122014,23
14122014,16
15122014,18
16122014,18
17122014,20
18122014,22
19122014,21
20122014,23
21122014,23
22122014,23
23122014,22
24122014,22
25122014,20
26122014,20
27122014,20
28122014,21
29122014,19
30122014,19
31122014,23
01012015,20
02012015,22
03012015,24
04012015,23
05012015,21
06012015,19
07012015,17
08012015,19
09012015,22
10012015,23
11012015,21
12012015,24
13012015,24
14012015,19
15012015,22
16012015,16
17012015,17
18012015,17
19012015,14
20012015,17
21012015,13
22012015,14
23012015,17
24012015,18
25012015,17
26012015,20
27012015,21
28012015,22
29012015,20
30012015,21
31012015,17
01022015,14
02022015,17
03022015,19
04022015,14
05022015,14
06022015,15
07022015,16
08022015,16
09022015,18
10022015,18
11022015,20
12022015,17
13022015,16
14022015,19
15022015,20
16022015,18
17022015,14
18022015,18
19022015,19
20022015,19
21022015,16
22022015,16
23022015,20
24022015,16
25022015,17
26022015,20
27022015,19
28022015,21
01032015,22
02032015,23
03032015,24
04032015,22
05032015,25
06032015,27
07032015,27
08032015,23
09032015,25
10032015,25
11032015,25
12032015,25
13032015,21
14032015,23
15032015,22
16032015,22
17032015,19
18032015,21
19032015,22
20032015,22
21032015,19
22032015,18
23032015,18
24032015,14
25032015,16
26032015,18
27032015,21
28032015,23
29032015,25
30032015,25
31032015,26
01042015,29
02042015,30
03042015,31
04042015,30
05042015,20
06042015,23
07042015,23
08042015,23
09042015,23
10042015,23
11042015,23
12042015,25
13042015,27
14042015,25
15042015,24
16042015,24
17042015,23
18042015,23
19042015,22
20042015,24
21042015,23
22042015,22
23042015,24
24042015,25
25042015,25
26042015,23
27042015,23
28042015,22
29042015,24
30042015,25
01052015,28
02052015,31
03052015,29
04052015,27
05052015,23
06052015,25
07052015,29
08052015,27
09052015,28
10052015,31
11052015,32
12052015,37
13052015,36
14052015,31
15052015,27
16052015,30
17052015,32
18052015,31
19052015,25
20052015,24
21052015,28
22052015,29
23052015,27
24052015,27
25052015,27
26052015,28
27052015,31
28052015,30
29052015,27
30052015,30
31052015,28
01062015,28
02062015,30
03062015,32
04062015,33
05062015,32
06062015,35
07062015,32
08062015,31
09062015,30
10062015,28
11062015,23
12062015,27
13062015,23
14062015,25
15062015,25
16062015,27
17062015,30
18062015,33
19062015,32
20062015,31
21062015,30
22062015,32
23062015,29
24062015,26
25062015,28
26062015,34
27062015,36
28062015,35
29062015,34
30062015,33
01072015,30
02072015,30
03072015,31
04072015,31
05072015,32
06072015,36
07072015,33
08072015,34
09072015,31
10072015,30
11072015,31
12072015,32
13072015,33
14072015,35
15072015,35
16072015,34
17072015,33
18072015,32
19072015,32
20072015,34
21072015,33
22072015,35
23072015,34
24072015,32
25072015,30
26072015,32
27072015,34
28072015,34
29072015,32
30072015,32
31072015,29